ms-award,C:/Users/Shishupal/Downloads/User-data.xlsx,Award,C:/Dropbox/Dropbox/app-data/public/roleAttendanceUser/csv/xlsx-data-v3/07-award-data.csv
monsoon,C:/Dropbox/Dropbox/app-data/public/roleAttendanceUser/csv/xlsx-data/summer-and-monsoon-precaution-data.xlsx,Sheet2,C:/Dropbox/Dropbox/app-data/public/roleAttendanceUser/csv/xlsx-data-v3/summer-and-monsoon-precaution-data.csv
division-sfr,C:/Dropbox/Dropbox/app-data/public/roleAttendanceUser/csv/xlsx-data/STN Wise flr.xlsx,MURI,C:/Dropbox/Dropbox/app-data/public/roleAttendanceUser/csv/xlsx-data-v3/division-sfr.csv
dl-single,C:/nmrh/Report/muri-2023-07-09-SSI-Central-1330-1340.xlsx,Sheet1,C:/Dropbox/Dropbox/app-data/public/roleAttendanceUser/csv/xlsx-data-v3/2023-07-09-muri-point-53.csv
chalakdal-complient,C:/Dropbox/Dropbox/app-data/public/roleAttendanceUser/csv/xlsx-data/SIGNAL Defects UOR- 2022-23-24.xlsx,2023-24,C:/Dropbox/Dropbox/app-data/public/roleAttendanceUser/csv/xlsx-data-v3/SIGNAL Defects UOR- 2022-23-24-2023-24.csv
rbp-status,C:/Dropbox/Dropbox/app-data/public/roleAttendanceUser/csv/xlsx-data/RBP STATUS of RNC-05.xlsx,10.7.23 to 16.7.23,C:/Dropbox/Dropbox/app-data/public/roleAttendanceUser/csv/xlsx-data-v3/RBP STATUS of RNC.csv
excel-data-id-001,D:/workspace/project/nodejs/excel/test/test_data.xlsx,test-4,D:/workspace/project/nodejs/excel/test/test_data_4.csv
excel-data-id-001,D:/workspace/project/nodejs/excel/test/test_data.xlsx,test-2,D:/workspace/project/nodejs/excel/test/test_data_2.csv
excel-data-id-002-and-004,D:/workspace/project/nodejs/excel/test/test_data.xlsx,test-4,D:/workspace/project/nodejs/excel/test/test_data_4.csv
excel-data-id-002-and-004,D:/workspace/project/nodejs/excel/test/test_data.xlsx,test-2,D:/workspace/project/nodejs/excel/test/test_data_2.csv
